dataset,uspto_50k
use_rxn_class,False
atom_message,False
use_attn,False
n_heads,8
epochs,200
mpn_size,256
depth,10
dropout_mpn,0.15
mlp_size,512
dropout_mlp,0.2
lr,0.001
patience,5
factor,0.8
thresh,0.01
max_clip,10
print_every,200
num_workers,5
bond_break_loss_weight,0.5
bond_energy_loss_alpha,1.0
graph_alignment_loss_weight,0.5
disable_logit_adjustment,False
logit_adjust_train,True
logit_adjust_tau,0.1
lg_logit_adjust_tau,0.1
class_prior_smoothing,1.0
disable_class_balanced_loss,False
class_balanced_beta,0.999
lg_class_balanced_beta,0.999
class_balanced_warmup_epochs,5
class_weight_min,0.5
class_weight_max,6.0
lg_gcn_dim,0
lg_gcn_dropout,0.1
lg_head_threshold,50.0
lg_tail_threshold,10.0
lg_neighbor_init_alpha,0.2
lg_neighbor_reg_weight,0.003
""
epoch,train_acc,valid_acc,valid_first_step_acc,train_loss
1,0.2759,0.3788,0.5836,0.9715
2,0.3804,0.3864,0.593,0.4934
3,0.4054,0.424,0.6154,0.3952
4,0.4214,0.4212,0.6265,0.3235
5,0.4323,0.449,0.6409,0.2642
6,0.4415,0.4544,0.6409,0.2579
7,0.4463,0.4624,0.6487,0.253
8,0.4522,0.4564,0.6499,0.2473
9,0.459,0.4712,0.6545,0.2421
10,0.4653,0.4714,0.6649,0.238
11,0.4698,0.4808,0.6725,0.233
12,0.4788,0.4798,0.6619,0.2296
13,0.4791,0.474,0.6643,0.2271
14,0.4824,0.4878,0.6729,0.2246
15,0.4861,0.4666,0.6625,0.2223
16,0.492,0.476,0.6687,0.2197
17,0.4997,0.483,0.6761,0.2158
18,0.5118,0.4922,0.6801,0.2051
19,0.5149,0.4982,0.6833,0.2015
20,0.5194,0.4902,0.6755,0.1998
21,0.5211,0.4964,0.6799,0.1977
22,0.5245,0.503,0.6823,0.1959
23,0.5288,0.5086,0.6827,0.1945
24,0.5348,0.4992,0.6793,0.192
25,0.536,0.5068,0.6829,0.1902
26,0.5349,0.5116,0.6877,0.1904
27,0.5422,0.5196,0.6927,0.1872
28,0.5417,0.505,0.6861,0.1862
29,0.5457,0.517,0.6909,0.1849
30,0.5492,0.5004,0.6741,0.1845
31,0.5485,0.5144,0.6857,0.1827
32,0.5501,0.4982,0.6823,0.1815
33,0.5524,0.5024,0.6829,0.182
34,0.5668,0.5218,0.6947,0.1713
35,0.5688,0.5198,0.6921,0.1703
36,0.5747,0.523,0.7011,0.1681
37,0.5756,0.527,0.6969,0.1667
38,0.5755,0.5188,0.6943,0.1665
39,0.5818,0.5218,0.6949,0.1637
40,0.5949,0.527,0.6993,0.1566
41,0.6005,0.5254,0.6953,0.153
42,0.6026,0.529,0.7031,0.1531
43,0.6031,0.522,0.6975,0.1518
44,0.607,0.5354,0.7091,0.1504
45,0.6081,0.5332,0.7005,0.149
46,0.6144,0.5292,0.6979,0.1478
47,0.613,0.535,0.7067,0.1471
48,0.6137,0.529,0.6953,0.1465
49,0.6142,0.5346,0.7049,0.1465
50,0.6174,0.5242,0.7009,0.1459
51,0.6293,0.533,0.7037,0.1392
52,0.6359,0.5252,0.7003,0.1368
53,0.6366,0.5296,0.6999,0.1359
54,0.6395,0.5446,0.7125,0.1352
55,0.6398,0.5362,0.7011,0.1337
56,0.6422,0.5322,0.7051,0.1335
57,0.6519,0.5392,0.7081,0.1284
58,0.6527,0.5414,0.7127,0.1273
59,0.6572,0.539,0.7091,0.1262
60,0.6615,0.5352,0.7087,0.1246
61,0.66,0.5384,0.7105,0.1243
62,0.6631,0.5438,0.7081,0.123
63,0.6723,0.547,0.7125,0.1193
64,0.6758,0.544,0.7099,0.1179
65,0.6768,0.5406,0.7081,0.1172
66,0.6766,0.5372,0.7025,0.1167
67,0.6823,0.539,0.7059,0.1156
68,0.684,0.5426,0.7155,0.1142
69,0.682,0.5398,0.7081,0.1157
70,0.6906,0.5446,0.7141,0.1114
71,0.6957,0.5432,0.7115,0.1097
72,0.6965,0.5474,0.7105,0.11
73,0.6952,0.542,0.7059,0.1094
74,0.6972,0.5414,0.7085,0.1086
75,0.6994,0.5406,0.7093,0.1088
76,0.7054,0.5442,0.7103,0.1057
77,0.7081,0.5478,0.7135,0.1047
78,0.7093,0.5394,0.7057,0.1037
79,0.7105,0.546,0.7133,0.1043
80,0.7134,0.5442,0.7095,0.1032
81,0.7051,0.5458,0.7137,0.1045
82,0.7172,0.547,0.7125,0.1007
83,0.7184,0.5464,0.7135,0.0995
84,0.7188,0.5466,0.7137,0.1
85,0.7211,0.5458,0.7121,0.0993
86,0.7211,0.5518,0.7169,0.0989
87,0.7248,0.5448,0.7111,0.0981
88,0.7286,0.546,0.7115,0.0972
89,0.729,0.5436,0.7089,0.096
90,0.7283,0.5436,0.7101,0.0956
91,0.729,0.545,0.7101,0.0956
92,0.7319,0.5442,0.7067,0.0949
93,0.7341,0.5428,0.7085,0.0942
94,0.7353,0.543,0.7061,0.094
95,0.7376,0.547,0.7123,0.0931
96,0.7374,0.545,0.7107,0.0929
97,0.7365,0.5448,0.7091,0.093
98,0.7374,0.546,0.7129,0.0927
99,0.74,0.548,0.7119,0.092
100,0.7419,0.5422,0.7095,0.0912
101,0.7405,0.5502,0.7119,0.0906
102,0.7447,0.5484,0.7147,0.0906
103,0.7443,0.5466,0.7135,0.0902
104,0.7463,0.5458,0.7135,0.0897
105,0.7466,0.5476,0.7149,0.0897
106,0.7501,0.5488,0.7105,0.089
107,0.7493,0.5472,0.7149,0.0885
108,0.7474,0.5456,0.7109,0.0885
109,0.7475,0.5442,0.7113,0.088
110,0.7501,0.5454,0.7105,0.0879
111,0.7481,0.551,0.7143,0.0884
112,0.7505,0.5508,0.7139,0.0878
113,0.7536,0.5492,0.7153,0.0864
114,0.7502,0.5452,0.7099,0.0873
115,0.7548,0.549,0.7117,0.0865
116,0.7509,0.5478,0.7141,0.087
117,0.7523,0.5456,0.7109,0.0867
118,0.7578,0.5478,0.7135,0.0861
119,0.7557,0.5502,0.7135,0.0858
120,0.7551,0.5458,0.7143,0.0856
121,0.7581,0.549,0.7151,0.0862
122,0.7534,0.55,0.7125,0.086
123,0.7598,0.5444,0.7131,0.0846
124,0.7572,0.5498,0.7155,0.0849
125,0.7548,0.5472,0.7125,0.0857
126,0.7581,0.5508,0.7129,0.0847
127,0.7592,0.5512,0.7145,0.0846
128,0.7589,0.5492,0.7149,0.0843
129,0.7601,0.5504,0.7141,0.0843
130,0.7604,0.546,0.7129,0.0841
131,0.7641,0.5464,0.7117,0.0835
132,0.7627,0.5474,0.7139,0.0836
133,0.7577,0.5466,0.7105,0.084
134,0.762,0.55,0.7133,0.0834
135,0.762,0.5488,0.7147,0.0837
136,0.7637,0.5494,0.7115,0.0826
137,0.7615,0.5482,0.7131,0.0832
138,0.7661,0.5474,0.7125,0.0829
139,0.7656,0.5474,0.7105,0.0825
140,0.7627,0.5484,0.7127,0.083
141,0.7631,0.5498,0.7127,0.0828
142,0.761,0.5496,0.7143,0.0835
143,0.7643,0.5492,0.7125,0.0828
144,0.7635,0.5492,0.7139,0.083
145,0.7643,0.5486,0.7129,0.0825
146,0.7653,0.5504,0.7147,0.0823
147,0.7665,0.5488,0.7129,0.0824
148,0.7647,0.55,0.7135,0.0823
149,0.7637,0.5474,0.7115,0.0827
150,0.7678,0.549,0.7117,0.0821
151,0.7656,0.5466,0.7115,0.0824
152,0.7667,0.551,0.7135,0.0815
153,0.7658,0.5504,0.7125,0.082
154,0.7685,0.547,0.7109,0.0818
155,0.7647,0.5492,0.7123,0.0821
156,0.7659,0.5488,0.7113,0.082
157,0.7659,0.5488,0.7135,0.0821
158,0.7672,0.5496,0.7127,0.0813
159,0.7663,0.548,0.7115,0.0814
160,0.7657,0.5488,0.7123,0.0818
161,0.7698,0.5478,0.7117,0.0812
162,0.7711,0.5486,0.7109,0.0813
163,0.7662,0.5494,0.7115,0.0815
164,0.7659,0.549,0.7109,0.0815
165,0.7689,0.5498,0.7119,0.0811
166,0.7654,0.5502,0.7123,0.0818
167,0.7682,0.549,0.7117,0.0816
168,0.7646,0.5484,0.7123,0.0817
169,0.7713,0.5502,0.7115,0.0808
170,0.767,0.5498,0.7125,0.0812
171,0.7687,0.5504,0.7137,0.0813
172,0.7679,0.5506,0.7127,0.0811
173,0.7664,0.5504,0.7129,0.0814
174,0.7707,0.5516,0.7153,0.0803
175,0.7694,0.5502,0.7131,0.081
176,0.7693,0.5496,0.7139,0.0811
177,0.7677,0.55,0.7123,0.0817
178,0.7696,0.5496,0.7127,0.0806
179,0.7693,0.5498,0.7125,0.0811
180,0.7682,0.549,0.7129,0.081
181,0.7694,0.5502,0.7131,0.0811
182,0.7708,0.5494,0.7131,0.0803
183,0.7698,0.5496,0.7135,0.0806
184,0.7678,0.5488,0.7135,0.0802
185,0.7703,0.549,0.7129,0.0811
186,0.7685,0.5498,0.7131,0.081
187,0.7683,0.5498,0.7125,0.0811
188,0.7675,0.5498,0.7133,0.081
189,0.7679,0.5506,0.7139,0.0811
190,0.7687,0.5496,0.7131,0.0811
191,0.7726,0.55,0.7137,0.0803
192,0.7685,0.5496,0.7129,0.0811
193,0.7696,0.5486,0.7123,0.0803
194,0.7682,0.5488,0.7125,0.0805
195,0.771,0.5494,0.7123,0.0804
196,0.7684,0.549,0.7121,0.0811
197,0.7678,0.5494,0.7119,0.0813
198,0.7692,0.5492,0.7123,0.0805
199,0.768,0.5482,0.7113,0.0807
200,0.7694,0.549,0.7119,0.0806
